first_name,google_id,grade_level,id,last_name,student_id
David,0bcf1a96f9b360651c219,10,1,Martin,100001
Gregory,b4961dc17f785eac2cc99,11,2,Hayes,100002
Douglas,f0a1cbfdd0041a8ef9179,12,3,Kirby,100003
Thomas,859675ea2690fdbee149f,11,4,Livingston,100004
Justin,126ce79cab7d3917dc8aa,9,5,Holmes,100005
Richard,7f2c6d68ace1d7cdf50a1,10,6,Williams,100006
Cathy,5e2ce24ad95840d058fe5,12,7,Boyd,100007
Kayla,bc02e9fbf7896b15ed3f7,10,8,Long,100008
Rachel,00dfee589a97b314d0712,11,9,Anderson,100009
Adam,7904640c00ac0c66583a2,9,10,Lee,100010
Amanda,d9cff929d93a365f6479f,10,11,Logan,100011
Jessica,ff92ea5288eef3545fb59,12,12,Cox,100012
Craig,00fbfb8e618ff55f18bba,11,13,Ford,100013
David,9f2bbae60354d137f4f0c,10,14,Knight,100014
Anthony,e4d0c908dbf808680f594,11,15,Salinas,100015
Matthew,8b0e58434f4ba576496ca,12,16,Oconnor,100016
Diana,7a4bf51cdc6a52ee16c65,9,17,Brown,100017
Melissa,d22cb137bb97f3f2dd107,9,18,Davis,100018
Jacob,9f96b984d7b71d71ab6af,12,19,Morales,100019
Tara,01590acd58cbe471214bb,9,20,Richardson,100020
Amanda,430f72a845b2ae8870d43,11,21,Foster,100021
Diane,db31d5c42247e118b2e5b,12,22,Paul,100022
Evan,d44946ebd37cc2208587f,10,23,Boyle,100023
Logan,567e952eaaead10e404d5,11,24,Salas,100024
Monica,2f96fb145d85b55ac06d9,9,25,Richardson,100025
Laura,58498f342bdcbc8dfbb3f,12,26,Bolton,100026
Carl,4f0c17f496845e8a460bb,9,27,Mcguire,100027
William,ef432275b13b9ee77d192,11,28,Freeman,100028
Robert,0780abe8df18fefeefd13,12,29,Goodwin,100029
Jennifer,7365a0f52740020ef844c,9,30,Villanueva,100030
Amanda,bb96b7ac320f169497b9a,10,31,Carr,100031
Donna,acdf4405c67300b0ee61e,10,32,Brown,100032
Keith,ed142e710015b234efb59,9,33,Brown,100033
Jeffrey,93cb1f70773241f6b31f1,12,34,Thompson,100034
Linda,fe7682a722460be3193a2,10,35,Jones,100035
Michele,15fd8d81706371d3ee4c2,10,36,Miller,100036
Kyle,2e6e185b07ba1343eaa70,12,37,Avila,100037
Rhonda,2105faa51500b32790613,12,38,Vasquez,100038
Christopher,a6ada700c0fc5ef0600c8,9,39,Reed,100039
Andrew,ee0c000b38bf4b5a589d7,10,40,Beard,100040
Erica,4af652959abb67dbed66b,9,41,Juarez,100041
John,be7c6c9788eb88f466eff,11,42,Santos,100042
Anthony,c7b272acbf80c006f7864,12,43,Garcia,100043
Paul,cc3d9d0f5bc7b86bf58ca,10,44,Benitez,100044
Joshua,e6de0b34fe0f3e83a50ac,9,45,Johnson,100045
Sophia,bfc98727798e686ecbfce,12,46,Arroyo,100046
Michael,9a96ee4ab0c75ea0dcce2,12,47,Gonzalez,100047
Michael,676c536d2b43ad991a62b,12,48,Coleman,100048
Gregory,975c7bc01caae789cafdc,10,49,Powell,100049
Alicia,ffb863eed5d659c2b3842,10,50,Mullen,100050
